neighborhood,region
LAKEWOOD/SEWARD PARK,SE
CENTRAL AREA/SQUIRE PARK,NE
BRIGHTON/DUNLAP,SE
ROXHILL/WESTWOOD/ARBOR HEIGHTS,SW
SLU/CASCADE,NW
CLAREMONT/RAINIER VISTA,SE
HIGH POINT,SW
SODO,NW
DOWNTOWN COMMERCIAL,NW
FIRST HILL,NE
JUDKINS PARK/NORTH BEACON HILL,SE
NORTH ADMIRAL,SW
MILLER PARK,NE
HILLMAN CITY,SE
MORGAN,SW
SOUTH PARK,SW
MONTLAKE/PORTAGE BAY,NE
CAPITOL HILL,NE
NORTHGATE,NE
LAKECITY,NE
NEW HOLLY,SE
RAINIER BEACH,SE
QUEEN ANNE,NW
RAINIER VIEW,SE
BELLTOWN,NW
ROOSEVELT/RAVENNA,NE
ALASKA JUNCTION,SW
GREENWOOD,NW
PIONEER SQUARE,NW
NORTH BEACON HILL,SE
GEORGETOWN,SW
SOUTH DELRIDGE,SW
HIGHLAND PARK,SW
BITTERLAKE,NW
MOUNT BAKER,SE
MADRONA/LESCHI,NE
COLUMBIA CITY,NW
NORTH DELRIDGE,SW
FREMONT,NW
MID BEACON HILL,SE
BALLARD NORTH,NW
BALLARD SOUTH,NW
PHINNEY RIDGE,NW
SANDPOINT,NE
MAGNOLIA,NW
UNIVERSITY,NE
CHINATOWN/INTERNATIONAL DISTRICT,SW
WALLINGFORD,NW
EASTLAKE - WEST,NW
SOUTH BEACON HILL,SE
ALKI,SW
FAUNTLEROY SW,SW
PIGEON POINT,SW
MADISON PARK,NE
GENESEE,SE
COMMERCIAL HARBOR ISLAND,SW
EASTLAKE - EAST,NE
COMMERCIAL DUWAMISH,SW
